System No,Solute,Solvent 1,Solvent 2,Xs_Exper,x1,x2,xs1p,xs2p,Temp
1.0,Paracetamol,Dioxane,Water,0.0019,0.0,1.0,0.0267,0.0019,298.0
1.0,Paracetamol,Dioxane,Water,0.005,0.1,0.9,0.0267,0.0019,298.0
1.0,Paracetamol,Dioxane,Water,0.0129,0.2,0.8,0.0267,0.0019,298.0
1.0,Paracetamol,Dioxane,Water,0.0244,0.3,0.7,0.0267,0.0019,298.0
1.0,Paracetamol,Dioxane,Water,0.0424,0.4,0.6,0.0267,0.0019,298.0
1.0,Paracetamol,Dioxane,Water,0.064,0.5,0.5,0.0267,0.0019,298.0
1.0,Paracetamol,Dioxane,Water,0.0803,0.6,0.4,0.0267,0.0019,298.0
1.0,Paracetamol,Dioxane,Water,0.1078,0.7,0.3,0.0267,0.0019,298.0
1.0,Paracetamol,Dioxane,Water,0.1207,0.8,0.2,0.0267,0.0019,298.0
1.0,Paracetamol,Dioxane,Water,0.1353,0.85,0.15,0.0267,0.0019,298.0
1.0,Paracetamol,Dioxane,Water,0.0991,0.9,0.1,0.0267,0.0019,298.0
1.0,Paracetamol,Dioxane,Water,0.0267,1.0,0.0,0.0267,0.0019,298.0
1.0,Paracetamol,Dioxane,Water,0.0023,0.0,1.0,0.0294,0.0023,303.0
1.0,Paracetamol,Dioxane,Water,0.0061,0.1,0.9,0.0294,0.0023,303.0
1.0,Paracetamol,Dioxane,Water,0.0142,0.2,0.8,0.0294,0.0023,303.0
1.0,Paracetamol,Dioxane,Water,0.0292,0.3,0.7,0.0294,0.0023,303.0
1.0,Paracetamol,Dioxane,Water,0.0554,0.4,0.6,0.0294,0.0023,303.0
1.0,Paracetamol,Dioxane,Water,0.0758,0.5,0.5,0.0294,0.0023,303.0
1.0,Paracetamol,Dioxane,Water,0.0985,0.6,0.4,0.0294,0.0023,303.0
1.0,Paracetamol,Dioxane,Water,0.1183,0.7,0.3,0.0294,0.0023,303.0
1.0,Paracetamol,Dioxane,Water,0.1307,0.8,0.2,0.0294,0.0023,303.0
1.0,Paracetamol,Dioxane,Water,0.1441,0.85,0.15,0.0294,0.0023,303.0
1.0,Paracetamol,Dioxane,Water,0.1065,0.9,0.1,0.0294,0.0023,303.0
1.0,Paracetamol,Dioxane,Water,0.0294,1.0,0.0,0.0294,0.0023,303.0
2.0,Acetanilide,Dioxane,Water,0.0008,0.0,1.0,0.1199,0.0008,298.0
2.0,Acetanilide,Dioxane,Water,0.004,0.1,0.9,0.1199,0.0008,298.0
2.0,Acetanilide,Dioxane,Water,0.0122,0.2,0.8,0.1199,0.0008,298.0
2.0,Acetanilide,Dioxane,Water,0.0103,0.3,0.7,0.1199,0.0008,298.0
2.0,Acetanilide,Dioxane,Water,0.0228,0.4,0.6,0.1199,0.0008,298.0
2.0,Acetanilide,Dioxane,Water,0.0589,0.5,0.5,0.1199,0.0008,298.0
2.0,Acetanilide,Dioxane,Water,0.0782,0.6,0.4,0.1199,0.0008,298.0
2.0,Acetanilide,Dioxane,Water,0.1492,0.7,0.3,0.1199,0.0008,298.0
2.0,Acetanilide,Dioxane,Water,0.1641,0.8,0.2,0.1199,0.0008,298.0
2.0,Acetanilide,Dioxane,Water,0.1807,0.9,0.1,0.1199,0.0008,298.0
2.0,Acetanilide,Dioxane,Water,0.1199,1.0,0.0,0.1199,0.0008,298.0
2.0,Acetanilide,Dioxane,Water,0.0009,0.0,1.0,0.1336,0.0009,303.0
2.0,Acetanilide,Dioxane,Water,0.0045,0.1,0.9,0.1336,0.0009,303.0
2.0,Acetanilide,Dioxane,Water,0.0144,0.2,0.8,0.1336,0.0009,303.0
2.0,Acetanilide,Dioxane,Water,0.0122,0.3,0.7,0.1336,0.0009,303.0
2.0,Acetanilide,Dioxane,Water,0.0262,0.4,0.6,0.1336,0.0009,303.0
2.0,Acetanilide,Dioxane,Water,0.0752,0.5,0.5,0.1336,0.0009,303.0
2.0,Acetanilide,Dioxane,Water,0.0875,0.6,0.4,0.1336,0.0009,303.0
2.0,Acetanilide,Dioxane,Water,0.1715,0.7,0.3,0.1336,0.0009,303.0
2.0,Acetanilide,Dioxane,Water,0.1982,0.8,0.2,0.1336,0.0009,303.0
2.0,Acetanilide,Dioxane,Water,0.1976,0.9,0.1,0.1336,0.0009,303.0
2.0,Acetanilide,Dioxane,Water,0.1336,1.0,0.0,0.1336,0.0009,303.0
3.0,Nalidixic Acid,Dioxane,Water,2.4e-06,0.0,1.0,0.001162,2.4e-06,298.0
3.0,Nalidixic Acid,Dioxane,Water,8.6e-06,0.1,0.9,0.001162,2.4e-06,298.0
3.0,Nalidixic Acid,Dioxane,Water,1.56e-05,0.2,0.8,0.001162,2.4e-06,298.0
3.0,Nalidixic Acid,Dioxane,Water,3.71e-05,0.3,0.7,0.001162,2.4e-06,298.0
3.0,Nalidixic Acid,Dioxane,Water,8.57e-05,0.4,0.6,0.001162,2.4e-06,298.0
3.0,Nalidixic Acid,Dioxane,Water,0.0002089,0.5,0.5,0.001162,2.4e-06,298.0
3.0,Nalidixic Acid,Dioxane,Water,0.0004443,0.6,0.4,0.001162,2.4e-06,298.0
3.0,Nalidixic Acid,Dioxane,Water,0.0010882,0.7,0.3,0.001162,2.4e-06,298.0
3.0,Nalidixic Acid,Dioxane,Water,0.0014772,0.8,0.2,0.001162,2.4e-06,298.0
3.0,Nalidixic Acid,Dioxane,Water,0.0017765,0.85,0.15,0.001162,2.4e-06,298.0
3.0,Nalidixic Acid,Dioxane,Water,0.0018939,0.9,0.1,0.001162,2.4e-06,298.0
3.0,Nalidixic Acid,Dioxane,Water,0.001162,1.0,0.0,0.001162,2.4e-06,298.0
3.0,Nalidixic Acid,Dioxane,Water,2.9e-06,0.0,1.0,0.00134,2.9e-06,303.0
3.0,Nalidixic Acid,Dioxane,Water,9.5e-06,0.1,0.9,0.00134,2.9e-06,303.0
3.0,Nalidixic Acid,Dioxane,Water,1.85e-05,0.2,0.8,0.00134,2.9e-06,303.0
3.0,Nalidixic Acid,Dioxane,Water,4.92e-05,0.3,0.7,0.00134,2.9e-06,303.0
3.0,Nalidixic Acid,Dioxane,Water,0.0001146,0.4,0.6,0.00134,2.9e-06,303.0
3.0,Nalidixic Acid,Dioxane,Water,0.0002568,0.5,0.5,0.00134,2.9e-06,303.0
3.0,Nalidixic Acid,Dioxane,Water,0.0005839,0.6,0.4,0.00134,2.9e-06,303.0
3.0,Nalidixic Acid,Dioxane,Water,0.0012226,0.7,0.3,0.00134,2.9e-06,303.0
3.0,Nalidixic Acid,Dioxane,Water,0.001846,0.8,0.2,0.00134,2.9e-06,303.0
3.0,Nalidixic Acid,Dioxane,Water,0.002273,0.85,0.15,0.00134,2.9e-06,303.0
3.0,Nalidixic Acid,Dioxane,Water,0.0023478,0.9,0.1,0.00134,2.9e-06,303.0
3.0,Nalidixic Acid,Dioxane,Water,0.00134,1.0,0.0,0.00134,2.9e-06,303.0
4.0,Anthracene,squalane,dibutyl ether,0.00354,0.0,1.0,0.00472,0.00354,298.0
4.0,Anthracene,squalane,dibutyl ether,0.00361,0.0981,0.9019,0.00472,0.00354,298.0
4.0,Anthracene,squalane,dibutyl ether,0.00366,0.1831,0.8169,0.00472,0.00354,298.0
4.0,Anthracene,squalane,dibutyl ether,0.00368,0.244,0.756,0.00472,0.00354,298.0
4.0,Anthracene,squalane,dibutyl ether,0.00375,0.3325,0.6675,0.00472,0.00354,298.0
4.0,Anthracene,squalane,dibutyl ether,0.00385,0.4289,0.5711,0.00472,0.00354,298.0
4.0,Anthracene,squalane,dibutyl ether,0.00396,0.5555,0.4445,0.00472,0.00354,298.0
4.0,Anthracene,squalane,dibutyl ether,0.00424,0.7333,0.2667,0.00472,0.00354,298.0
4.0,Anthracene,squalane,dibutyl ether,0.00439,0.8411,0.1589,0.00472,0.00354,298.0
4.0,Anthracene,squalane,dibutyl ether,0.00472,1.0,0.0,0.00472,0.00354,298.0
5.0,Anthracene,Hexadecane,dibutyl ether,0.00354,0.0,1.0,0.0038,0.00354,298.0
5.0,Anthracene,Hexadecane,dibutyl ether,0.0036,0.1113,0.8887,0.0038,0.00354,298.0
5.0,Anthracene,Hexadecane,dibutyl ether,0.00365,0.2007,0.7993,0.0038,0.00354,298.0
5.0,Anthracene,Hexadecane,dibutyl ether,0.00368,0.2949,0.7051,0.0038,0.00354,298.0
5.0,Anthracene,Hexadecane,dibutyl ether,0.00367,0.4189,0.5811,0.0038,0.00354,298.0
5.0,Anthracene,Hexadecane,dibutyl ether,0.00368,0.5156,0.4844,0.0038,0.00354,298.0
5.0,Anthracene,Hexadecane,dibutyl ether,0.0037,0.6037,0.3963,0.0038,0.00354,298.0
5.0,Anthracene,Hexadecane,dibutyl ether,0.0037,0.6954,0.3046,0.0038,0.00354,298.0
5.0,Anthracene,Hexadecane,dibutyl ether,0.00372,0.7861,0.2139,0.0038,0.00354,298.0
5.0,Anthracene,Hexadecane,dibutyl ether,0.00376,0.8672,0.1328,0.0038,0.00354,298.0
5.0,Anthracene,Hexadecane,dibutyl ether,0.0038,1.0,0.0,0.0038,0.00354,298.0
6.0,Carbazole,dibutyl ether,squalane,0.000671,0.0,1.0,0.00501,0.000671,298.0
6.0,Carbazole,dibutyl ether,squalane,0.00107,0.1604,0.8396,0.00501,0.000671,298.0
6.0,Carbazole,dibutyl ether,squalane,0.00108,0.1664,0.8336,0.00501,0.000671,298.0
6.0,Carbazole,dibutyl ether,squalane,0.00132,0.2687,0.7313,0.00501,0.000671,298.0
6.0,Carbazole,dibutyl ether,squalane,0.00185,0.4471,0.5529,0.00501,0.000671,298.0
6.0,Carbazole,dibutyl ether,squalane,0.00234,0.5693,0.4307,0.00501,0.000671,298.0
6.0,Carbazole,dibutyl ether,squalane,0.00241,0.5757,0.4243,0.00501,0.000671,298.0
6.0,Carbazole,dibutyl ether,squalane,0.00274,0.6726,0.3274,0.00501,0.000671,298.0
6.0,Carbazole,dibutyl ether,squalane,0.00321,0.7784,0.2216,0.00501,0.000671,298.0
6.0,Carbazole,dibutyl ether,squalane,0.00356,0.8289,0.1711,0.00501,0.000671,298.0
6.0,Carbazole,dibutyl ether,squalane,0.00413,0.903,0.097,0.00501,0.000671,298.0
6.0,Carbazole,dibutyl ether,squalane,0.0047,0.9625,0.0375,0.00501,0.000671,298.0
6.0,Carbazole,dibutyl ether,squalane,0.00501,1.0,0.0,0.00501,0.000671,298.0
7.0,Carbazole,dibutyl ether,Hexadecane,0.000414,0.0,1.0,0.00501,0.000414,298.0
7.0,Carbazole,dibutyl ether,Hexadecane,0.000807,0.136,0.864,0.00501,0.000414,298.0
7.0,Carbazole,dibutyl ether,Hexadecane,0.00102,0.2098,0.7902,0.00501,0.000414,298.0
7.0,Carbazole,dibutyl ether,Hexadecane,0.00136,0.313,0.687,0.00501,0.000414,298.0
7.0,Carbazole,dibutyl ether,Hexadecane,0.00168,0.4032,0.5968,0.00501,0.000414,298.0
7.0,Carbazole,dibutyl ether,Hexadecane,0.00202,0.4774,0.5226,0.00501,0.000414,298.0
7.0,Carbazole,dibutyl ether,Hexadecane,0.00237,0.5818,0.4182,0.00501,0.000414,298.0
7.0,Carbazole,dibutyl ether,Hexadecane,0.00308,0.7127,0.2873,0.00501,0.000414,298.0
7.0,Carbazole,dibutyl ether,Hexadecane,0.00371,0.8009,0.1991,0.00501,0.000414,298.0
7.0,Carbazole,dibutyl ether,Hexadecane,0.0043,0.9146,0.0854,0.00501,0.000414,298.0
7.0,Carbazole,dibutyl ether,Hexadecane,0.00501,1.0,0.0,0.00501,0.000414,298.0
8.0,Benzil,CCl4,iso-Octane,0.00587,0.0,1.0,0.08082,0.00587,298.0
8.0,Benzil,CCl4,iso-Octane,0.00797,0.1676,0.8324,0.08082,0.00587,298.0
8.0,Benzil,CCl4,iso-Octane,0.01068,0.3104,0.6896,0.08082,0.00587,298.0
8.0,Benzil,CCl4,iso-Octane,0.0136,0.4072,0.5928,0.08082,0.00587,298.0
8.0,Benzil,CCl4,iso-Octane,0.01368,0.4096,0.5904,0.08082,0.00587,298.0
8.0,Benzil,CCl4,iso-Octane,0.02249,0.6057,0.3943,0.08082,0.00587,298.0
8.0,Benzil,CCl4,iso-Octane,0.02463,0.6358,0.3642,0.08082,0.00587,298.0
8.0,Benzil,CCl4,iso-Octane,0.03126,0.7246,0.2754,0.08082,0.00587,298.0
8.0,Benzil,CCl4,iso-Octane,0.04368,0.8266,0.1734,0.08082,0.00587,298.0
8.0,Benzil,CCl4,iso-Octane,0.08082,1.0,0.0,0.08082,0.00587,298.0
9.0,Benzil,Cyclohexane,iso-Octane,0.00587,0.0,1.0,0.01067,0.00587,298.0
9.0,Benzil,Cyclohexane,iso-Octane,0.0067,0.2494,0.7506,0.01067,0.00587,298.0
9.0,Benzil,Cyclohexane,iso-Octane,0.00724,0.3791,0.6209,0.01067,0.00587,298.0
9.0,Benzil,Cyclohexane,iso-Octane,0.00838,0.618,0.382,0.01067,0.00587,298.0
9.0,Benzil,Cyclohexane,iso-Octane,0.00935,0.7919,0.2081,0.01067,0.00587,298.0
9.0,Benzil,Cyclohexane,iso-Octane,0.0098,0.8704,0.1296,0.01067,0.00587,298.0
9.0,Benzil,Cyclohexane,iso-Octane,0.01067,1.0,0.0,0.01067,0.00587,298.0
10.0,Benzil,Cyclohexane,n-Heptane,0.00659,0.0,1.0,0.01067,0.00659,298.0
10.0,Benzil,Cyclohexane,n-Heptane,0.00718,0.1893,0.8107,0.01067,0.00659,298.0
10.0,Benzil,Cyclohexane,n-Heptane,0.00778,0.3475,0.6525,0.01067,0.00659,298.0
10.0,Benzil,Cyclohexane,n-Heptane,0.00874,0.5774,0.4226,0.01067,0.00659,298.0
10.0,Benzil,Cyclohexane,n-Heptane,0.00959,0.7763,0.2237,0.01067,0.00659,298.0
10.0,Benzil,Cyclohexane,n-Heptane,0.01001,0.8582,0.1418,0.01067,0.00659,298.0
10.0,Benzil,Cyclohexane,n-Heptane,0.01067,1.0,0.0,0.01067,0.00659,298.0
11.0,Benzil,Cyclooctane,Cyclohexane,0.01068,0.0,1.0,0.01454,0.01068,298.0
11.0,Benzil,Cyclooctane,Cyclohexane,0.01133,0.1434,0.8566,0.01454,0.01068,298.0
11.0,Benzil,Cyclooctane,Cyclohexane,0.01178,0.2452,0.7548,0.01454,0.01068,298.0
11.0,Benzil,Cyclooctane,Cyclohexane,0.01266,0.438,0.562,0.01454,0.01068,298.0
11.0,Benzil,Cyclooctane,Cyclohexane,0.01354,0.667,0.333,0.01454,0.01068,298.0
11.0,Benzil,Cyclooctane,Cyclohexane,0.01395,0.774,0.226,0.01454,0.01068,298.0
11.0,Benzil,Cyclooctane,Cyclohexane,0.01454,1.0,0.0,0.01454,0.01068,298.0
12.0,Benzil,CCl4,n-Octane,0.00726,0.0,1.0,0.08082,0.00726,298.0
12.0,Benzil,CCl4,n-Octane,0.01183,0.2871,0.7129,0.08082,0.00726,298.0
12.0,Benzil,CCl4,n-Octane,0.01535,0.4149,0.5851,0.08082,0.00726,298.0
12.0,Benzil,CCl4,n-Octane,0.02143,0.5642,0.4358,0.08082,0.00726,298.0
12.0,Benzil,CCl4,n-Octane,0.02512,0.625,0.375,0.08082,0.00726,298.0
12.0,Benzil,CCl4,n-Octane,0.03077,0.7003,0.2997,0.08082,0.00726,298.0
12.0,Benzil,CCl4,n-Octane,0.04299,0.8123,0.1877,0.08082,0.00726,298.0
12.0,Benzil,CCl4,n-Octane,0.05542,0.8919,0.1081,0.08082,0.00726,298.0
12.0,Benzil,CCl4,n-Octane,0.08082,1.0,0.0,0.08082,0.00726,298.0
13.0,Benzil,Cyclohexane,n-Octane,0.00726,0.0,1.0,0.01068,0.00726,298.0
13.0,Benzil,Cyclohexane,n-Octane,0.00798,0.2468,0.7532,0.01068,0.00726,298.0
13.0,Benzil,Cyclohexane,n-Octane,0.00837,0.3763,0.6237,0.01068,0.00726,298.0
13.0,Benzil,Cyclohexane,n-Octane,0.00911,0.5978,0.4022,0.01068,0.00726,298.0
13.0,Benzil,Cyclohexane,n-Octane,0.00988,0.7892,0.2108,0.01068,0.00726,298.0
13.0,Benzil,Cyclohexane,n-Octane,0.01019,0.8737,0.1263,0.01068,0.00726,298.0
13.0,Benzil,Cyclohexane,n-Octane,0.01068,1.0,0.0,0.01068,0.00726,298.0
14.0,Benzil,CCl4,Cyclooctane,0.01454,0.0,1.0,0.08082,0.01454,298.0
14.0,Benzil,CCl4,Cyclooctane,0.02115,0.2441,0.7559,0.08082,0.01454,298.0
14.0,Benzil,CCl4,Cyclooctane,0.02394,0.3476,0.6524,0.08082,0.01454,298.0
14.0,Benzil,CCl4,Cyclooctane,0.02768,0.4161,0.5839,0.08082,0.01454,298.0
14.0,Benzil,CCl4,Cyclooctane,0.03726,0.5842,0.4158,0.08082,0.01454,298.0
14.0,Benzil,CCl4,Cyclooctane,0.04864,0.7425,0.2575,0.08082,0.01454,298.0
14.0,Benzil,CCl4,Cyclooctane,0.05762,0.8227,0.1773,0.08082,0.01454,298.0
14.0,Benzil,CCl4,Cyclooctane,0.08082,1.0,0.0,0.08082,0.01454,298.0
15.0,Niflumic acid,Ethanol,Water,5.45e-06,0.0,1.0,0.01613,5.45e-06,298.0
15.0,Niflumic acid,Ethanol,Water,8.75e-06,0.1,0.9,0.01613,5.45e-06,298.0
15.0,Niflumic acid,Ethanol,Water,1.34e-05,0.2,0.8,0.01613,5.45e-06,298.0
15.0,Niflumic acid,Ethanol,Water,2.61e-05,0.3,0.7,0.01613,5.45e-06,298.0
15.0,Niflumic acid,Ethanol,Water,5.41e-05,0.4,0.6,0.01613,5.45e-06,298.0
15.0,Niflumic acid,Ethanol,Water,0.000146,0.5,0.5,0.01613,5.45e-06,298.0
15.0,Niflumic acid,Ethanol,Water,0.000971,0.7,0.3,0.01613,5.45e-06,298.0
15.0,Niflumic acid,Ethanol,Water,0.00684,0.9,0.1,0.01613,5.45e-06,298.0
15.0,Niflumic acid,Ethanol,Water,0.01613,1.0,0.0,0.01613,5.45e-06,298.0
15.0,Niflumic acid,Ethanol,Water,5.63e-06,0.0,1.0,0.0185,5.63e-06,303.0
15.0,Niflumic acid,Ethanol,Water,9.15e-06,0.1,0.9,0.0185,5.63e-06,303.0
15.0,Niflumic acid,Ethanol,Water,1.46e-05,0.2,0.8,0.0185,5.63e-06,303.0
15.0,Niflumic acid,Ethanol,Water,2.88e-05,0.3,0.7,0.0185,5.63e-06,303.0
15.0,Niflumic acid,Ethanol,Water,6.71e-05,0.4,0.6,0.0185,5.63e-06,303.0
15.0,Niflumic acid,Ethanol,Water,0.000182,0.5,0.5,0.0185,5.63e-06,303.0
15.0,Niflumic acid,Ethanol,Water,0.00119,0.7,0.3,0.0185,5.63e-06,303.0
15.0,Niflumic acid,Ethanol,Water,0.009,0.9,0.1,0.0185,5.63e-06,303.0
15.0,Niflumic acid,Ethanol,Water,0.0185,1.0,0.0,0.0185,5.63e-06,303.0
16.0,Niflumic acid,Ethyl Acetate,Ethanol,0.01613,0.0,1.0,0.0254,0.01613,298.0
16.0,Niflumic acid,Ethyl Acetate,Ethanol,0.024,0.1,0.9,0.0254,0.01613,298.0
16.0,Niflumic acid,Ethyl Acetate,Ethanol,0.0352,0.3,0.7,0.0254,0.01613,298.0
16.0,Niflumic acid,Ethyl Acetate,Ethanol,0.0482,0.5,0.5,0.0254,0.01613,298.0
16.0,Niflumic acid,Ethyl Acetate,Ethanol,0.0542,0.6,0.4,0.0254,0.01613,298.0
16.0,Niflumic acid,Ethyl Acetate,Ethanol,0.055,0.7,0.3,0.0254,0.01613,298.0
16.0,Niflumic acid,Ethyl Acetate,Ethanol,0.0524,0.8,0.2,0.0254,0.01613,298.0
16.0,Niflumic acid,Ethyl Acetate,Ethanol,0.0374,0.9,0.1,0.0254,0.01613,298.0
16.0,Niflumic acid,Ethyl Acetate,Ethanol,0.0254,1.0,0.0,0.0254,0.01613,298.0
16.0,Niflumic acid,Ethyl Acetate,Ethanol,0.0185,0.0,1.0,0.0264,0.0185,303.0
16.0,Niflumic acid,Ethyl Acetate,Ethanol,0.0266,0.1,0.9,0.0264,0.0185,303.0
16.0,Niflumic acid,Ethyl Acetate,Ethanol,0.04,0.3,0.7,0.0264,0.0185,303.0
16.0,Niflumic acid,Ethyl Acetate,Ethanol,0.051,0.5,0.5,0.0264,0.0185,303.0
16.0,Niflumic acid,Ethyl Acetate,Ethanol,0.057,0.6,0.4,0.0264,0.0185,303.0
16.0,Niflumic acid,Ethyl Acetate,Ethanol,0.058,0.7,0.3,0.0264,0.0185,303.0
16.0,Niflumic acid,Ethyl Acetate,Ethanol,0.0528,0.8,0.2,0.0264,0.0185,303.0
16.0,Niflumic acid,Ethyl Acetate,Ethanol,0.0386,0.9,0.1,0.0264,0.0185,303.0
16.0,Niflumic acid,Ethyl Acetate,Ethanol,0.0264,1.0,0.0,0.0264,0.0185,303.0
17.0,Caffeine,Water,Ethanol,0.0017,0.0,1.0,0.00209,0.0017,298.0
17.0,Caffeine,Water,Ethanol,0.00603,0.1,0.9,0.00209,0.0017,298.0
17.0,Caffeine,Water,Ethanol,0.01151,0.2,0.8,0.00209,0.0017,298.0
17.0,Caffeine,Water,Ethanol,0.01439,0.3,0.7,0.00209,0.0017,298.0
17.0,Caffeine,Water,Ethanol,0.0147,0.4,0.6,0.00209,0.0017,298.0
17.0,Caffeine,Water,Ethanol,0.01138,0.5,0.5,0.00209,0.0017,298.0
17.0,Caffeine,Water,Ethanol,0.00982,0.6,0.4,0.00209,0.0017,298.0
17.0,Caffeine,Water,Ethanol,0.00707,0.7,0.3,0.00209,0.0017,298.0
17.0,Caffeine,Water,Ethanol,0.00507,0.8,0.2,0.00209,0.0017,298.0
17.0,Caffeine,Water,Ethanol,0.00332,0.9,0.1,0.00209,0.0017,298.0
17.0,Caffeine,Water,Ethanol,0.00209,1.0,0.0,0.00209,0.0017,298.0
17.0,Caffeine,Water,Ethanol,0.00216,0.0,1.0,0.00307,0.00216,308.0
17.0,Caffeine,Water,Ethanol,0.00772,0.1,0.9,0.00307,0.00216,308.0
17.0,Caffeine,Water,Ethanol,0.01532,0.2,0.8,0.00307,0.00216,308.0
17.0,Caffeine,Water,Ethanol,0.02321,0.3,0.7,0.00307,0.00216,308.0
17.0,Caffeine,Water,Ethanol,0.02489,0.4,0.6,0.00307,0.00216,308.0
17.0,Caffeine,Water,Ethanol,0.02285,0.5,0.5,0.00307,0.00216,308.0
17.0,Caffeine,Water,Ethanol,0.02004,0.6,0.4,0.00307,0.00216,308.0
17.0,Caffeine,Water,Ethanol,0.01358,0.7,0.3,0.00307,0.00216,308.0
17.0,Caffeine,Water,Ethanol,0.00942,0.8,0.2,0.00307,0.00216,308.0
17.0,Caffeine,Water,Ethanol,0.00575,0.9,0.1,0.00307,0.00216,308.0
17.0,Caffeine,Water,Ethanol,0.00307,1.0,0.0,0.00307,0.00216,308.0
18.0,Caffeine,Ethyl Acetate,Ethanol,0.0017,0.0,1.0,0.00409,0.0017,298.0
18.0,Caffeine,Ethyl Acetate,Ethanol,0.00227,0.1,0.9,0.00409,0.0017,298.0
18.0,Caffeine,Ethyl Acetate,Ethanol,0.00291,0.2,0.8,0.00409,0.0017,298.0
18.0,Caffeine,Ethyl Acetate,Ethanol,0.00376,0.3,0.7,0.00409,0.0017,298.0
18.0,Caffeine,Ethyl Acetate,Ethanol,0.00411,0.4,0.6,0.00409,0.0017,298.0
18.0,Caffeine,Ethyl Acetate,Ethanol,0.00473,0.5,0.5,0.00409,0.0017,298.0
18.0,Caffeine,Ethyl Acetate,Ethanol,0.00557,0.6,0.4,0.00409,0.0017,298.0
18.0,Caffeine,Ethyl Acetate,Ethanol,0.00578,0.7,0.3,0.00409,0.0017,298.0
18.0,Caffeine,Ethyl Acetate,Ethanol,0.00578,0.8,0.2,0.00409,0.0017,298.0
18.0,Caffeine,Ethyl Acetate,Ethanol,0.00513,0.9,0.1,0.00409,0.0017,298.0
18.0,Caffeine,Ethyl Acetate,Ethanol,0.00409,1.0,0.0,0.00409,0.0017,298.0
18.0,Caffeine,Ethyl Acetate,Ethanol,0.00216,0.0,1.0,0.00489,0.00216,308.0
18.0,Caffeine,Ethyl Acetate,Ethanol,0.00303,0.1,0.9,0.00489,0.00216,308.0
18.0,Caffeine,Ethyl Acetate,Ethanol,0.00407,0.2,0.8,0.00489,0.00216,308.0
18.0,Caffeine,Ethyl Acetate,Ethanol,0.00478,0.3,0.7,0.00489,0.00216,308.0
18.0,Caffeine,Ethyl Acetate,Ethanol,0.0056,0.4,0.6,0.00489,0.00216,308.0
18.0,Caffeine,Ethyl Acetate,Ethanol,0.00621,0.5,0.5,0.00489,0.00216,308.0
18.0,Caffeine,Ethyl Acetate,Ethanol,0.0073,0.6,0.4,0.00489,0.00216,308.0
18.0,Caffeine,Ethyl Acetate,Ethanol,0.00765,0.7,0.3,0.00489,0.00216,308.0
18.0,Caffeine,Ethyl Acetate,Ethanol,0.00746,0.8,0.2,0.00489,0.00216,308.0
18.0,Caffeine,Ethyl Acetate,Ethanol,0.00654,0.9,0.1,0.00489,0.00216,308.0
18.0,Caffeine,Ethyl Acetate,Ethanol,0.00489,1.0,0.0,0.00489,0.00216,308.0
19.0,Caffeine,Dioxane,Water,0.00229,0.0,1.0,0.00849,0.00229,298.0
19.0,Caffeine,Dioxane,Water,0.00453,0.1,0.9,0.00849,0.00229,298.0
19.0,Caffeine,Dioxane,Water,0.0078,0.2,0.8,0.00849,0.00229,298.0
19.0,Caffeine,Dioxane,Water,0.01195,0.3,0.7,0.00849,0.00229,298.0
19.0,Caffeine,Dioxane,Water,0.01465,0.35,0.65,0.00849,0.00229,298.0
19.0,Caffeine,Dioxane,Water,0.01617,0.4,0.6,0.00849,0.00229,298.0
19.0,Caffeine,Dioxane,Water,0.01997,0.45,0.55,0.00849,0.00229,298.0
19.0,Caffeine,Dioxane,Water,0.02137,0.5,0.5,0.00849,0.00229,298.0
19.0,Caffeine,Dioxane,Water,0.02429,0.55,0.45,0.00849,0.00229,298.0
19.0,Caffeine,Dioxane,Water,0.02628,0.6,0.4,0.00849,0.00229,298.0
19.0,Caffeine,Dioxane,Water,0.02647,0.65,0.35,0.00849,0.00229,298.0
19.0,Caffeine,Dioxane,Water,0.02823,0.7,0.3,0.00849,0.00229,298.0
19.0,Caffeine,Dioxane,Water,0.02605,0.75,0.25,0.00849,0.00229,298.0
19.0,Caffeine,Dioxane,Water,0.02698,0.8,0.2,0.00849,0.00229,298.0
19.0,Caffeine,Dioxane,Water,0.02255,0.9,0.1,0.00849,0.00229,298.0
19.0,Caffeine,Dioxane,Water,0.00849,1.0,0.0,0.00849,0.00229,298.0
20.0,Carbazole,Dibutyl Ether,1-Chlorooctane,0.00242,0.0,1.0,0.00501,0.00242,298.0
20.0,Carbazole,Dibutyl Ether,1-Chlorooctane,0.00317,0.1102,0.8898,0.00501,0.00242,298.0
20.0,Carbazole,Dibutyl Ether,1-Chlorooctane,0.00385,0.2004,0.7996,0.00501,0.00242,298.0
20.0,Carbazole,Dibutyl Ether,1-Chlorooctane,0.00438,0.3017,0.6983,0.00501,0.00242,298.0
20.0,Carbazole,Dibutyl Ether,1-Chlorooctane,0.00479,0.3994,0.6006,0.00501,0.00242,298.0
20.0,Carbazole,Dibutyl Ether,1-Chlorooctane,0.00518,0.5056,0.4944,0.00501,0.00242,298.0
20.0,Carbazole,Dibutyl Ether,1-Chlorooctane,0.00532,0.6027,0.3973,0.00501,0.00242,298.0
20.0,Carbazole,Dibutyl Ether,1-Chlorooctane,0.00536,0.6938,0.3062,0.00501,0.00242,298.0
20.0,Carbazole,Dibutyl Ether,1-Chlorooctane,0.00537,0.7907,0.2093,0.00501,0.00242,298.0
20.0,Carbazole,Dibutyl Ether,1-Chlorooctane,0.00527,0.895,0.105,0.00501,0.00242,298.0
20.0,Carbazole,Dibutyl Ether,1-Chlorooctane,0.00501,1.0,0.0,0.00501,0.00242,298.0
21.0,Carbazole,Dibutyl Ether,1-Chlorotetradecane,0.0024,0.0,1.0,0.00501,0.0024,298.0
21.0,Carbazole,Dibutyl Ether,1-Chlorotetradecane,0.00306,0.1296,0.8704,0.00501,0.0024,298.0
21.0,Carbazole,Dibutyl Ether,1-Chlorotetradecane,0.00356,0.2272,0.7728,0.00501,0.0024,298.0
21.0,Carbazole,Dibutyl Ether,1-Chlorotetradecane,0.00418,0.322,0.678,0.00501,0.0024,298.0
21.0,Carbazole,Dibutyl Ether,1-Chlorotetradecane,0.00457,0.4069,0.5931,0.00501,0.0024,298.0
21.0,Carbazole,Dibutyl Ether,1-Chlorotetradecane,0.00486,0.514,0.486,0.00501,0.0024,298.0
21.0,Carbazole,Dibutyl Ether,1-Chlorotetradecane,0.00523,0.6135,0.3865,0.00501,0.0024,298.0
21.0,Carbazole,Dibutyl Ether,1-Chlorotetradecane,0.00512,0.7079,0.2921,0.00501,0.0024,298.0
21.0,Carbazole,Dibutyl Ether,1-Chlorotetradecane,0.00513,0.8072,0.1928,0.00501,0.0024,298.0
21.0,Carbazole,Dibutyl Ether,1-Chlorotetradecane,0.00505,0.8973,0.1027,0.00501,0.0024,298.0
21.0,Carbazole,Dibutyl Ether,1-Chlorotetradecane,0.00501,1.0,0.0,0.00501,0.0024,298.0
22.0,Carbazole,Dibutyl Ether,Chlorocyclohexane,0.00291,0.0,1.0,0.00501,0.00291,298.0
22.0,Carbazole,Dibutyl Ether,Chlorocyclohexane,0.00385,0.0799,0.9201,0.00501,0.00291,298.0
22.0,Carbazole,Dibutyl Ether,Chlorocyclohexane,0.00489,0.1903,0.8097,0.00501,0.00291,298.0
22.0,Carbazole,Dibutyl Ether,Chlorocyclohexane,0.00543,0.2947,0.7053,0.00501,0.00291,298.0
22.0,Carbazole,Dibutyl Ether,Chlorocyclohexane,0.00596,0.4116,0.5884,0.00501,0.00291,298.0
22.0,Carbazole,Dibutyl Ether,Chlorocyclohexane,0.00591,0.5138,0.4862,0.00501,0.00291,298.0
22.0,Carbazole,Dibutyl Ether,Chlorocyclohexane,0.00598,0.6156,0.3844,0.00501,0.00291,298.0
22.0,Carbazole,Dibutyl Ether,Chlorocyclohexane,0.00585,0.7023,0.2977,0.00501,0.00291,298.0
22.0,Carbazole,Dibutyl Ether,Chlorocyclohexane,0.00571,0.7935,0.2065,0.00501,0.00291,298.0
22.0,Carbazole,Dibutyl Ether,Chlorocyclohexane,0.00538,0.8895,0.1105,0.00501,0.00291,298.0
22.0,Carbazole,Dibutyl Ether,Chlorocyclohexane,0.00501,1.0,0.0,0.00501,0.00291,298.0
23.0,Benzoic acid,CCl4,Cyclohexane,0.0115,0.0,1.0,0.0492,0.0115,298.0
23.0,Benzoic acid,CCl4,Cyclohexane,0.0156,0.1916,0.8084,0.0492,0.0115,298.0
23.0,Benzoic acid,CCl4,Cyclohexane,0.0212,0.3774,0.6226,0.0492,0.0115,298.0
23.0,Benzoic acid,CCl4,Cyclohexane,0.0246,0.4793,0.5207,0.0492,0.0115,298.0
23.0,Benzoic acid,CCl4,Cyclohexane,0.0307,0.6319,0.3681,0.0492,0.0115,298.0
23.0,Benzoic acid,CCl4,Cyclohexane,0.0389,0.8153,0.1847,0.0492,0.0115,298.0
23.0,Benzoic acid,CCl4,Cyclohexane,0.0492,1.0,0.0,0.0492,0.0115,298.0
24.0,Benzoic acid,CCl4,n-Heptane,0.0114,0.0,1.0,0.0492,0.0114,298.0
24.0,Benzoic acid,CCl4,n-Heptane,0.017,0.2987,0.7013,0.0492,0.0114,298.0
24.0,Benzoic acid,CCl4,n-Heptane,0.0214,0.4567,0.5433,0.0492,0.0114,298.0
24.0,Benzoic acid,CCl4,n-Heptane,0.024,0.5292,0.4708,0.0492,0.0114,298.0
24.0,Benzoic acid,CCl4,n-Heptane,0.0269,0.6068,0.3932,0.0492,0.0114,298.0
24.0,Benzoic acid,CCl4,n-Heptane,0.027,0.607,0.393,0.0492,0.0114,298.0
24.0,Benzoic acid,CCl4,n-Heptane,0.0295,0.6652,0.3348,0.0492,0.0114,298.0
24.0,Benzoic acid,CCl4,n-Heptane,0.0347,0.7697,0.2303,0.0492,0.0114,298.0
24.0,Benzoic acid,CCl4,n-Heptane,0.0375,0.8216,0.1784,0.0492,0.0114,298.0
24.0,Benzoic acid,CCl4,n-Heptane,0.0492,1.0,0.0,0.0492,0.0114,298.0
24.0,Benzoic acid,CCl4,n-Heptane,0.0147,0.0,1.0,0.0598,0.0147,303.0
24.0,Benzoic acid,CCl4,n-Heptane,0.0206,0.2654,0.7346,0.0598,0.0147,303.0
24.0,Benzoic acid,CCl4,n-Heptane,0.0241,0.3763,0.6237,0.0598,0.0147,303.0
24.0,Benzoic acid,CCl4,n-Heptane,0.0322,0.5731,0.4269,0.0598,0.0147,303.0
24.0,Benzoic acid,CCl4,n-Heptane,0.0423,0.7579,0.2421,0.0598,0.0147,303.0
24.0,Benzoic acid,CCl4,n-Heptane,0.0598,1.0,0.0,0.0598,0.0147,303.0
25.0,Benzoic acid,CCl4,n-Hexane,0.01,0.0,1.0,0.0492,0.01,298.0
25.0,Benzoic acid,CCl4,n-Hexane,0.0137,0.1972,0.8028,0.0492,0.01,298.0
25.0,Benzoic acid,CCl4,n-Hexane,0.0195,0.4049,0.5951,0.0492,0.01,298.0
25.0,Benzoic acid,CCl4,n-Hexane,0.0251,0.5592,0.4408,0.0492,0.01,298.0
25.0,Benzoic acid,CCl4,n-Hexane,0.0297,0.6581,0.3419,0.0492,0.01,298.0
25.0,Benzoic acid,CCl4,n-Hexane,0.0395,0.845,0.155,0.0492,0.01,298.0
25.0,Benzoic acid,CCl4,n-Hexane,0.0492,1.0,0.0,0.0492,0.01,298.0
26.0,Benzoic acid,Cyclohexane,n-Hexane,0.01,0.0,1.0,0.0115,0.01,298.0
26.0,Benzoic acid,Cyclohexane,n-Hexane,0.0108,0.2573,0.7427,0.0115,0.01,298.0
26.0,Benzoic acid,Cyclohexane,n-Hexane,0.0113,0.4699,0.5301,0.0115,0.01,298.0
26.0,Benzoic acid,Cyclohexane,n-Hexane,0.0115,0.5342,0.4658,0.0115,0.01,298.0
26.0,Benzoic acid,Cyclohexane,n-Hexane,0.0118,0.6566,0.3434,0.0115,0.01,298.0
26.0,Benzoic acid,Cyclohexane,n-Hexane,0.0117,0.8044,0.1956,0.0115,0.01,298.0
26.0,Benzoic acid,Cyclohexane,n-Hexane,0.0115,1.0,0.0,0.0115,0.01,298.0
26.0,Benzoic acid,Cyclohexane,n-Hexane,0.0126,0.0,1.0,0.0146,0.0126,303.0
26.0,Benzoic acid,Cyclohexane,n-Hexane,0.0136,0.2341,0.7659,0.0146,0.0126,303.0
26.0,Benzoic acid,Cyclohexane,n-Hexane,0.0138,0.2845,0.7155,0.0146,0.0126,303.0
26.0,Benzoic acid,Cyclohexane,n-Hexane,0.0146,0.5059,0.4941,0.0146,0.0126,303.0
26.0,Benzoic acid,Cyclohexane,n-Hexane,0.015,0.667,0.333,0.0146,0.0126,303.0
26.0,Benzoic acid,Cyclohexane,n-Hexane,0.0151,0.7821,0.2179,0.0146,0.0126,303.0
26.0,Benzoic acid,Cyclohexane,n-Hexane,0.0146,1.0,0.0,0.0146,0.0126,303.0
27.0,Benzoic acid,Cyclohexane,n-Heptane,0.0114,0.0,1.0,0.0115,0.0114,298.0
27.0,Benzoic acid,Cyclohexane,n-Heptane,0.0119,0.2781,0.7219,0.0115,0.0114,298.0
27.0,Benzoic acid,Cyclohexane,n-Heptane,0.0121,0.4602,0.5398,0.0115,0.0114,298.0
27.0,Benzoic acid,Cyclohexane,n-Heptane,0.0121,0.5713,0.4287,0.0115,0.0114,298.0
27.0,Benzoic acid,Cyclohexane,n-Heptane,0.0122,0.6825,0.3175,0.0115,0.0114,298.0
27.0,Benzoic acid,Cyclohexane,n-Heptane,0.0119,0.8142,0.1858,0.0115,0.0114,298.0
27.0,Benzoic acid,Cyclohexane,n-Heptane,0.0115,1.0,0.0,0.0115,0.0114,298.0
28.0,Carbazole,Dibutyl Ether,1-ChloroHexane,0.00255,0.0,1.0,0.00501,0.00255,298.0
28.0,Carbazole,Dibutyl Ether,1-ChloroHexane,0.00335,0.0853,0.9147,0.00501,0.00255,298.0
28.0,Carbazole,Dibutyl Ether,1-ChloroHexane,0.00396,0.1727,0.8273,0.00501,0.00255,298.0
28.0,Carbazole,Dibutyl Ether,1-ChloroHexane,0.00461,0.2722,0.7278,0.00501,0.00255,298.0
28.0,Carbazole,Dibutyl Ether,1-ChloroHexane,0.00509,0.3475,0.6525,0.00501,0.00255,298.0
28.0,Carbazole,Dibutyl Ether,1-ChloroHexane,0.0051,0.4481,0.5519,0.00501,0.00255,298.0
28.0,Carbazole,Dibutyl Ether,1-ChloroHexane,0.00526,0.5491,0.4509,0.00501,0.00255,298.0
28.0,Carbazole,Dibutyl Ether,1-ChloroHexane,0.00533,0.6531,0.3469,0.00501,0.00255,298.0
28.0,Carbazole,Dibutyl Ether,1-ChloroHexane,0.00532,0.7594,0.2406,0.00501,0.00255,298.0
28.0,Carbazole,Dibutyl Ether,1-ChloroHexane,0.0053,0.8725,0.1275,0.00501,0.00255,298.0
28.0,Carbazole,Dibutyl Ether,1-ChloroHexane,0.00501,1.0,0.0,0.00501,0.00255,298.0
29.0,Anthracene,n-Hexane,Cyclohexane,0.00129,0.0,1.0,0.001574,0.00129,298.0
29.0,Anthracene,n-Hexane,Cyclohexane,0.001398,0.2354,0.7646,0.001574,0.00129,298.0
29.0,Anthracene,n-Hexane,Cyclohexane,0.001478,0.4429,0.5571,0.001574,0.00129,298.0
29.0,Anthracene,n-Hexane,Cyclohexane,0.001515,0.5502,0.4498,0.001574,0.00129,298.0
29.0,Anthracene,n-Hexane,Cyclohexane,0.001544,0.6435,0.3565,0.001574,0.00129,298.0
29.0,Anthracene,n-Hexane,Cyclohexane,0.001572,0.8265,0.1735,0.001574,0.00129,298.0
29.0,Anthracene,n-Hexane,Cyclohexane,0.001574,1.0,0.0,0.001574,0.00129,298.0
30.0,Anthracene,n-Octane,Cyclohexane,0.001574,0.0,1.0,0.00185,0.001574,298.0
30.0,Anthracene,n-Octane,Cyclohexane,0.001648,0.1463,0.8537,0.00185,0.001574,298.0
30.0,Anthracene,n-Octane,Cyclohexane,0.001717,0.3114,0.6886,0.00185,0.001574,298.0
30.0,Anthracene,n-Octane,Cyclohexane,0.001749,0.3954,0.6046,0.00185,0.001574,298.0
30.0,Anthracene,n-Octane,Cyclohexane,0.001774,0.5519,0.4481,0.00185,0.001574,298.0
30.0,Anthracene,n-Octane,Cyclohexane,0.001832,0.793,0.207,0.00185,0.001574,298.0
30.0,Anthracene,n-Octane,Cyclohexane,0.00185,1.0,0.0,0.00185,0.001574,298.0
31.0,Anthracene,CycloOctane,Cyclohexane,0.001574,0.0,1.0,0.002258,0.001574,298.0
31.0,Anthracene,CycloOctane,Cyclohexane,0.001704,0.1746,0.8254,0.002258,0.001574,298.0
31.0,Anthracene,CycloOctane,Cyclohexane,0.001824,0.3412,0.6588,0.002258,0.001574,298.0
31.0,Anthracene,CycloOctane,Cyclohexane,0.001882,0.4475,0.5525,0.002258,0.001574,298.0
31.0,Anthracene,CycloOctane,Cyclohexane,0.001989,0.5533,0.4467,0.002258,0.001574,298.0
31.0,Anthracene,CycloOctane,Cyclohexane,0.002096,0.758,0.242,0.002258,0.001574,298.0
31.0,Anthracene,CycloOctane,Cyclohexane,0.002258,1.0,0.0,0.002258,0.001574,298.0
32.0,Anthracene,Cyclohexane,n-Heptane,0.001571,0.0,1.0,0.001574,0.001571,298.0
32.0,Anthracene,Cyclohexane,n-Heptane,0.001605,0.2764,0.7236,0.001574,0.001571,298.0
32.0,Anthracene,Cyclohexane,n-Heptane,0.001621,0.475,0.525,0.001574,0.001571,298.0
32.0,Anthracene,Cyclohexane,n-Heptane,0.00164,0.577,0.423,0.001574,0.001571,298.0
32.0,Anthracene,Cyclohexane,n-Heptane,0.001642,0.6717,0.3283,0.001574,0.001571,298.0
32.0,Anthracene,Cyclohexane,n-Heptane,0.001608,0.8458,0.1542,0.001574,0.001571,298.0
32.0,Anthracene,Cyclohexane,n-Heptane,0.001574,1.0,0.0,0.001574,0.001571,298.0
33.0,Anthracene,Cyclohexane,Iso-Octane,0.001087,0.0,1.0,0.001574,0.001087,298.0
33.0,Anthracene,Cyclohexane,Iso-Octane,0.001182,0.2275,0.7725,0.001574,0.001087,298.0
33.0,Anthracene,Cyclohexane,Iso-Octane,0.001283,0.4609,0.5391,0.001574,0.001087,298.0
33.0,Anthracene,Cyclohexane,Iso-Octane,0.001362,0.6105,0.3895,0.001574,0.001087,298.0
33.0,Anthracene,Cyclohexane,Iso-Octane,0.001407,0.7012,0.2988,0.001574,0.001087,298.0
33.0,Anthracene,Cyclohexane,Iso-Octane,0.001488,0.8615,0.1385,0.001574,0.001087,298.0
33.0,Anthracene,Cyclohexane,Iso-Octane,0.001574,1.0,0.0,0.001574,0.001087,298.0
34.0,Anthracene,Benzene,n-Hexane,0.00129,0.0,1.0,0.007418,0.00129,298.0
34.0,Anthracene,Benzene,n-Hexane,0.002242,0.2635,0.7365,0.007418,0.00129,298.0
34.0,Anthracene,Benzene,n-Hexane,0.003549,0.5037,0.4963,0.007418,0.00129,298.0
34.0,Anthracene,Benzene,n-Hexane,0.004317,0.6158,0.3842,0.007418,0.00129,298.0
34.0,Anthracene,Benzene,n-Hexane,0.004908,0.6907,0.3093,0.007418,0.00129,298.0
34.0,Anthracene,Benzene,n-Hexane,0.006274,0.8558,0.1442,0.007418,0.00129,298.0
34.0,Anthracene,Benzene,n-Hexane,0.007418,1.0,0.0,0.007418,0.00129,298.0
35.0,Anthracene,Benzene,n-Heptane,0.001571,0.0,1.0,0.007418,0.001571,298.0
35.0,Anthracene,Benzene,n-Heptane,0.002283,0.2323,0.7677,0.007418,0.001571,298.0
35.0,Anthracene,Benzene,n-Heptane,0.003375,0.4637,0.5363,0.007418,0.001571,298.0
35.0,Anthracene,Benzene,n-Heptane,0.003922,0.5546,0.4454,0.007418,0.001571,298.0
35.0,Anthracene,Benzene,n-Heptane,0.005022,0.7103,0.2897,0.007418,0.001571,298.0
35.0,Anthracene,Benzene,n-Heptane,0.005987,0.828,0.172,0.007418,0.001571,298.0
35.0,Anthracene,Benzene,n-Heptane,0.007418,1.0,0.0,0.007418,0.001571,298.0
36.0,Anthracene,Benzene,Cyclohexane,0.001574,0.0,1.0,0.007418,0.001574,298.0
36.0,Anthracene,Benzene,Cyclohexane,0.002592,0.232,0.768,0.007418,0.001574,298.0
36.0,Anthracene,Benzene,Cyclohexane,0.003802,0.438,0.562,0.007418,0.001574,298.0
36.0,Anthracene,Benzene,Cyclohexane,0.004506,0.5427,0.4573,0.007418,0.001574,298.0
36.0,Anthracene,Benzene,Cyclohexane,0.005154,0.6357,0.3643,0.007418,0.001574,298.0
36.0,Anthracene,Benzene,Cyclohexane,0.006482,0.8317,0.1683,0.007418,0.001574,298.0
36.0,Anthracene,Benzene,Cyclohexane,0.007418,1.0,0.0,0.007418,0.001574,298.0
37.0,Anthracene,Benzene,CycloOctane,0.002258,0.0,1.0,0.007418,0.002258,298.0
37.0,Anthracene,Benzene,CycloOctane,0.00374,0.3315,0.6685,0.007418,0.002258,298.0
37.0,Anthracene,Benzene,CycloOctane,0.004745,0.5065,0.4935,0.007418,0.002258,298.0
37.0,Anthracene,Benzene,CycloOctane,0.005282,0.6016,0.3984,0.007418,0.002258,298.0
37.0,Anthracene,Benzene,CycloOctane,0.005708,0.6955,0.3045,0.007418,0.002258,298.0
37.0,Anthracene,Benzene,CycloOctane,0.006814,0.8584,0.1416,0.007418,0.002258,298.0
37.0,Anthracene,Benzene,CycloOctane,0.007418,1.0,0.0,0.007418,0.002258,298.0
38.0,Anthracene,Benzene,Iso-Octane,0.001087,0.0,1.0,0.007418,0.001087,298.0
38.0,Anthracene,Benzene,Iso-Octane,0.001983,0.3127,0.6873,0.007418,0.001087,298.0
38.0,Anthracene,Benzene,Iso-Octane,0.003144,0.5398,0.4602,0.007418,0.001087,298.0
38.0,Anthracene,Benzene,Iso-Octane,0.00383,0.6354,0.3646,0.007418,0.001087,298.0
38.0,Anthracene,Benzene,Iso-Octane,0.004571,0.7209,0.2791,0.007418,0.001087,298.0
38.0,Anthracene,Benzene,Iso-Octane,0.00584,0.8591,0.1409,0.007418,0.001087,298.0
38.0,Anthracene,Benzene,Iso-Octane,0.007418,1.0,0.0,0.007418,0.001087,298.0
39.0,Iodine,Hexadecane,n-Heptane,0.00692,0.0,1.0,0.01428,0.00692,298.0
39.0,Iodine,Hexadecane,n-Heptane,0.00762,0.0815,0.9185,0.01428,0.00692,298.0
39.0,Iodine,Hexadecane,n-Heptane,0.00809,0.1429,0.8571,0.01428,0.00692,298.0
39.0,Iodine,Hexadecane,n-Heptane,0.00816,0.1668,0.8332,0.01428,0.00692,298.0
39.0,Iodine,Hexadecane,n-Heptane,0.00958,0.3267,0.6733,0.01428,0.00692,298.0
39.0,Iodine,Hexadecane,n-Heptane,0.01174,0.6164,0.3836,0.01428,0.00692,298.0
39.0,Iodine,Hexadecane,n-Heptane,0.01428,1.0,0.0,0.01428,0.00692,298.0
40.0,Iodine,Hexadecane,Iso-Octane,0.005923,0.0,1.0,0.01428,0.005923,298.0
40.0,Iodine,Hexadecane,Iso-Octane,0.00681,0.1015,0.8985,0.01428,0.005923,298.0
40.0,Iodine,Hexadecane,Iso-Octane,0.00735,0.1563,0.8437,0.01428,0.005923,298.0
40.0,Iodine,Hexadecane,Iso-Octane,0.00778,0.2169,0.7831,0.01428,0.005923,298.0
40.0,Iodine,Hexadecane,Iso-Octane,0.00896,0.3554,0.6446,0.01428,0.005923,298.0
40.0,Iodine,Hexadecane,Iso-Octane,0.01086,0.58,0.42,0.01428,0.005923,298.0
40.0,Iodine,Hexadecane,Iso-Octane,0.01428,1.0,0.0,0.01428,0.005923,298.0
41.0,Napthalene,Ethanol,water,4.11e-06,0.0,1.0,0.039835,4.11e-06,298.0
41.0,Napthalene,Ethanol,water,4.529e-06,0.01,0.99,0.039835,4.11e-06,298.0
41.0,Napthalene,Ethanol,water,4.804e-06,0.03,0.97,0.039835,4.11e-06,298.0
41.0,Napthalene,Ethanol,water,5.803e-06,0.05,0.95,0.039835,4.11e-06,298.0
41.0,Napthalene,Ethanol,water,8e-06,0.1,0.9,0.039835,4.11e-06,298.0
41.0,Napthalene,Ethanol,water,3.0189e-05,0.25,0.75,0.039835,4.11e-06,298.0
41.0,Napthalene,Ethanol,water,0.0007384,0.5,0.5,0.039835,4.11e-06,298.0
41.0,Napthalene,Ethanol,water,0.005555,0.75,0.25,0.039835,4.11e-06,298.0
41.0,Napthalene,Ethanol,water,0.039835,1.0,0.0,0.039835,4.11e-06,298.0
42.0,naproxen ,Ethanol,water,5.13e-06,0.0,1.0,0.01494,5.13e-06,298.0
42.0,naproxen ,Ethanol,water,7.01e-06,0.04164,0.95836,0.01494,5.13e-06,298.0
42.0,naproxen ,Ethanol,water,1.824e-05,0.08905,0.91095,0.01494,5.13e-06,298.0
42.0,naproxen ,Ethanol,water,8.842e-05,0.14353,0.85647,0.01494,5.13e-06,298.0
42.0,naproxen ,Ethanol,water,0.000328,0.20679,0.79321,0.01494,5.13e-06,298.0
42.0,naproxen ,Ethanol,water,0.000951,0.28112,0.71888,0.01494,5.13e-06,298.0
42.0,naproxen ,Ethanol,water,0.00216,0.36971,0.63029,0.01494,5.13e-06,298.0
42.0,naproxen ,Ethanol,water,0.004222,0.47711,0.52289,0.01494,5.13e-06,298.0
42.0,naproxen ,Ethanol,water,0.0073,0.61001,0.38999,0.01494,5.13e-06,298.0
42.0,naproxen ,Ethanol,water,0.011,0.77873,0.22127,0.01494,5.13e-06,298.0
42.0,naproxen ,Ethanol,water,0.01494,1.0,0.0,0.01494,5.13e-06,298.0
42.0,naproxen ,Ethanol,water,5.91e-06,0.0,1.0,0.01976,5.91e-06,303.0
42.0,naproxen ,Ethanol,water,9.24e-06,0.04164,0.95836,0.01976,5.91e-06,303.0
42.0,naproxen ,Ethanol,water,2.44e-05,0.08905,0.91095,0.01976,5.91e-06,303.0
42.0,naproxen ,Ethanol,water,0.0001235,0.14353,0.85647,0.01976,5.91e-06,303.0
42.0,naproxen ,Ethanol,water,0.000441,0.20679,0.79321,0.01976,5.91e-06,303.0
42.0,naproxen ,Ethanol,water,0.001213,0.28112,0.71888,0.01976,5.91e-06,303.0
42.0,naproxen ,Ethanol,water,0.002832,0.36971,0.63029,0.01976,5.91e-06,303.0
42.0,naproxen ,Ethanol,water,0.00527,0.47711,0.52289,0.01976,5.91e-06,303.0
42.0,naproxen ,Ethanol,water,0.00905,0.61001,0.38999,0.01976,5.91e-06,303.0
42.0,naproxen ,Ethanol,water,0.01357,0.77873,0.22127,0.01976,5.91e-06,303.0
42.0,naproxen ,Ethanol,water,0.01976,1.0,0.0,0.01976,5.91e-06,303.0
43.0,o-chlorobenzoic acid,dimethylformamide,water,0.00024,0.0,1.0,0.16084,0.00024,303.0
43.0,o-chlorobenzoic acid,dimethylformamide,water,0.00032,0.012,0.988,0.16084,0.00024,303.0
43.0,o-chlorobenzoic acid,dimethylformamide,water,0.0004,0.025,0.975,0.16084,0.00024,303.0
43.0,o-chlorobenzoic acid,dimethylformamide,water,0.00083,0.04,0.96,0.16084,0.00024,303.0
43.0,o-chlorobenzoic acid,dimethylformamide,water,0.00112,0.053,0.947,0.16084,0.00024,303.0
43.0,o-chlorobenzoic acid,dimethylformamide,water,0.00181,0.072,0.928,0.16084,0.00024,303.0
43.0,o-chlorobenzoic acid,dimethylformamide,water,0.00551,0.104,0.896,0.16084,0.00024,303.0
43.0,o-chlorobenzoic acid,dimethylformamide,water,0.00692,0.123,0.877,0.16084,0.00024,303.0
43.0,o-chlorobenzoic acid,dimethylformamide,water,0.01542,0.16,0.84,0.16084,0.00024,303.0
43.0,o-chlorobenzoic acid,dimethylformamide,water,0.02405,0.189,0.811,0.16084,0.00024,303.0
43.0,o-chlorobenzoic acid,dimethylformamide,water,0.03631,0.222,0.778,0.16084,0.00024,303.0
43.0,o-chlorobenzoic acid,dimethylformamide,water,0.04472,0.25,0.75,0.16084,0.00024,303.0
43.0,o-chlorobenzoic acid,dimethylformamide,water,0.06244,0.337,0.663,0.16084,0.00024,303.0
43.0,o-chlorobenzoic acid,dimethylformamide,water,0.07999,0.402,0.598,0.16084,0.00024,303.0
43.0,o-chlorobenzoic acid,dimethylformamide,water,0.09337,0.497,0.503,0.16084,0.00024,303.0
43.0,o-chlorobenzoic acid,dimethylformamide,water,0.10338,0.569,0.431,0.16084,0.00024,303.0
43.0,o-chlorobenzoic acid,dimethylformamide,water,0.11779,0.678,0.322,0.16084,0.00024,303.0
43.0,o-chlorobenzoic acid,dimethylformamide,water,0.13509,0.816,0.184,0.16084,0.00024,303.0
43.0,o-chlorobenzoic acid,dimethylformamide,water,0.16084,1.0,0.0,0.16084,0.00024,303.0
44.0,p-chlorobenzoic acid,dimethylformamide,water,9e-06,0.0,1.0,0.47067,9e-06,303.0
44.0,p-chlorobenzoic acid,dimethylformamide,water,0.00012,0.012,0.988,0.47067,9e-06,303.0
44.0,p-chlorobenzoic acid,dimethylformamide,water,0.00023,0.025,0.975,0.47067,9e-06,303.0
44.0,p-chlorobenzoic acid,dimethylformamide,water,0.00048,0.053,0.947,0.47067,9e-06,303.0
44.0,p-chlorobenzoic acid,dimethylformamide,water,0.00214,0.072,0.928,0.47067,9e-06,303.0
44.0,p-chlorobenzoic acid,dimethylformamide,water,0.00393,0.104,0.896,0.47067,9e-06,303.0
44.0,p-chlorobenzoic acid,dimethylformamide,water,0.01397,0.135,0.865,0.47067,9e-06,303.0
44.0,p-chlorobenzoic acid,dimethylformamide,water,0.02833,0.189,0.811,0.47067,9e-06,303.0
44.0,p-chlorobenzoic acid,dimethylformamide,water,0.05701,0.25,0.75,0.47067,9e-06,303.0
44.0,p-chlorobenzoic acid,dimethylformamide,water,0.08109,0.302,0.698,0.47067,9e-06,303.0
44.0,p-chlorobenzoic acid,dimethylformamide,water,0.12834,0.402,0.598,0.47067,9e-06,303.0
44.0,p-chlorobenzoic acid,dimethylformamide,water,0.16279,0.497,0.503,0.47067,9e-06,303.0
44.0,p-chlorobenzoic acid,dimethylformamide,water,0.22035,0.569,0.431,0.47067,9e-06,303.0
44.0,p-chlorobenzoic acid,dimethylformamide,water,0.25446,0.631,0.369,0.47067,9e-06,303.0
44.0,p-chlorobenzoic acid,dimethylformamide,water,0.28612,0.678,0.322,0.47067,9e-06,303.0
44.0,p-chlorobenzoic acid,dimethylformamide,water,0.35023,0.816,0.184,0.47067,9e-06,303.0
44.0,p-chlorobenzoic acid,dimethylformamide,water,0.47067,1.0,0.0,0.47067,9e-06,303.0
45.0,o-nitroaniline,dimethylformamide,water,0.00013,0.0,1.0,0.54325,0.00013,303.0
45.0,o-nitroaniline,dimethylformamide,water,0.00032,0.007,0.993,0.54325,0.00013,303.0
45.0,o-nitroaniline,dimethylformamide,water,0.00045,0.012,0.988,0.54325,0.00013,303.0
45.0,o-nitroaniline,dimethylformamide,water,0.00074,0.024,0.976,0.54325,0.00013,303.0
45.0,o-nitroaniline,dimethylformamide,water,0.00091,0.03,0.97,0.54325,0.00013,303.0
45.0,o-nitroaniline,dimethylformamide,water,0.00129,0.04,0.96,0.54325,0.00013,303.0
45.0,o-nitroaniline,dimethylformamide,water,0.00168,0.053,0.947,0.54325,0.00013,303.0
45.0,o-nitroaniline,dimethylformamide,water,0.00299,0.082,0.918,0.54325,0.00013,303.0
45.0,o-nitroaniline,dimethylformamide,water,0.00463,0.104,0.896,0.54325,0.00013,303.0
45.0,o-nitroaniline,dimethylformamide,water,0.00722,0.118,0.882,0.54325,0.00013,303.0
45.0,o-nitroaniline,dimethylformamide,water,0.01467,0.136,0.864,0.54325,0.00013,303.0
45.0,o-nitroaniline,dimethylformamide,water,0.03576,0.189,0.811,0.54325,0.00013,303.0
45.0,o-nitroaniline,dimethylformamide,water,0.08826,0.259,0.741,0.54325,0.00013,303.0
45.0,o-nitroaniline,dimethylformamide,water,0.14538,0.315,0.685,0.54325,0.00013,303.0
45.0,o-nitroaniline,dimethylformamide,water,0.19906,0.402,0.598,0.54325,0.00013,303.0
45.0,o-nitroaniline,dimethylformamide,water,0.30533,0.495,0.505,0.54325,0.00013,303.0
45.0,o-nitroaniline,dimethylformamide,water,0.34698,0.56,0.44,0.54325,0.00013,303.0
45.0,o-nitroaniline,dimethylformamide,water,0.40278,0.677,0.323,0.54325,0.00013,303.0
45.0,o-nitroaniline,dimethylformamide,water,0.47406,0.816,0.184,0.54325,0.00013,303.0
45.0,o-nitroaniline,dimethylformamide,water,0.54325,1.0,0.0,0.54325,0.00013,303.0
46.0,p-nitroaniline,dimethylformamide,water,0.00011,0.0,1.0,0.41214,0.00011,303.0
46.0,p-nitroaniline,dimethylformamide,water,0.00046,0.007,0.993,0.41214,0.00011,303.0
46.0,p-nitroaniline,dimethylformamide,water,0.00072,0.012,0.988,0.41214,0.00011,303.0
46.0,p-nitroaniline,dimethylformamide,water,0.00118,0.024,0.976,0.41214,0.00011,303.0
46.0,p-nitroaniline,dimethylformamide,water,0.00336,0.04,0.96,0.41214,0.00011,303.0
46.0,p-nitroaniline,dimethylformamide,water,0.00458,0.065,0.935,0.41214,0.00011,303.0
46.0,p-nitroaniline,dimethylformamide,water,0.00625,0.082,0.918,0.41214,0.00011,303.0
46.0,p-nitroaniline,dimethylformamide,water,0.00775,0.104,0.896,0.41214,0.00011,303.0
46.0,p-nitroaniline,dimethylformamide,water,0.00899,0.118,0.882,0.41214,0.00011,303.0
46.0,p-nitroaniline,dimethylformamide,water,0.0112,0.135,0.865,0.41214,0.00011,303.0
46.0,p-nitroaniline,dimethylformamide,water,0.01523,0.189,0.811,0.41214,0.00011,303.0
46.0,p-nitroaniline,dimethylformamide,water,0.03012,0.244,0.756,0.41214,0.00011,303.0
46.0,p-nitroaniline,dimethylformamide,water,0.05938,0.315,0.685,0.41214,0.00011,303.0
46.0,p-nitroaniline,dimethylformamide,water,0.12213,0.402,0.598,0.41214,0.00011,303.0
46.0,p-nitroaniline,dimethylformamide,water,0.16084,0.472,0.528,0.41214,0.00011,303.0
46.0,p-nitroaniline,dimethylformamide,water,0.23697,0.56,0.44,0.41214,0.00011,303.0
46.0,p-nitroaniline,dimethylformamide,water,0.31481,0.677,0.323,0.41214,0.00011,303.0
46.0,p-nitroaniline,dimethylformamide,water,0.37208,0.816,0.184,0.41214,0.00011,303.0
46.0,p-nitroaniline,dimethylformamide,water,0.41214,1.0,0.0,0.41214,0.00011,303.0
47.0,Methyl p-hydroxybenzoate,Propylene Glycol,Water,0.00030353913,0.0,1.0,0.0944202232,0.00030353913,300.0
47.0,Methyl p-hydroxybenzoate,Propylene Glycol,Water,0.00043944411,0.1,0.9,0.0944202232,0.00030353913,300.0
47.0,Methyl p-hydroxybenzoate,Propylene Glycol,Water,0.0006688170521,0.2,0.8,0.0944202232,0.00030353913,300.0
47.0,Methyl p-hydroxybenzoate,Propylene Glycol,Water,0.001194532958,0.3,0.7,0.0944202232,0.00030353913,300.0
47.0,Methyl p-hydroxybenzoate,Propylene Glycol,Water,0.002311173211,0.4,0.6,0.0944202232,0.00030353913,300.0
47.0,Methyl p-hydroxybenzoate,Propylene Glycol,Water,0.005353525303,0.5,0.5,0.0944202232,0.00030353913,300.0
47.0,Methyl p-hydroxybenzoate,Propylene Glycol,Water,0.01240072922,0.6,0.4,0.0944202232,0.00030353913,300.0
47.0,Methyl p-hydroxybenzoate,Propylene Glycol,Water,0.02351774586,0.7,0.3,0.0944202232,0.00030353913,300.0
47.0,Methyl p-hydroxybenzoate,Propylene Glycol,Water,0.04242574108,0.8,0.2,0.0944202232,0.00030353913,300.0
47.0,Methyl p-hydroxybenzoate,Propylene Glycol,Water,0.06720551274,0.9,0.1,0.0944202232,0.00030353913,300.0
47.0,Methyl p-hydroxybenzoate,Propylene Glycol,Water,0.0944202232,1.0,0.0,0.0944202232,0.00030353913,300.0
48.0,Methyl p-aminobenzoate,Propylene Glycol,Water,0.0001600538879,0.0,1.0,0.03206468533,0.0001600538879,300.0
48.0,Methyl p-aminobenzoate,Propylene Glycol,Water,0.0002317155537,0.1,0.9,0.03206468533,0.0001600538879,300.0
48.0,Methyl p-aminobenzoate,Propylene Glycol,Water,0.0003422394225,0.2,0.8,0.03206468533,0.0001600538879,300.0
48.0,Methyl p-aminobenzoate,Propylene Glycol,Water,0.0005530843701,0.3,0.7,0.03206468533,0.0001600538879,300.0
48.0,Methyl p-aminobenzoate,Propylene Glycol,Water,0.001091720922,0.4,0.6,0.03206468533,0.0001600538879,300.0
48.0,Methyl p-aminobenzoate,Propylene Glycol,Water,0.00213348177,0.5,0.5,0.03206468533,0.0001600538879,300.0
48.0,Methyl p-aminobenzoate,Propylene Glycol,Water,0.003735027865,0.6,0.4,0.03206468533,0.0001600538879,300.0
48.0,Methyl p-aminobenzoate,Propylene Glycol,Water,0.006874062557,0.7,0.3,0.03206468533,0.0001600538879,300.0
48.0,Methyl p-aminobenzoate,Propylene Glycol,Water,0.01191448967,0.8,0.2,0.03206468533,0.0001600538879,300.0
48.0,Methyl p-aminobenzoate,Propylene Glycol,Water,0.01984109474,0.9,0.1,0.03206468533,0.0001600538879,300.0
48.0,Methyl p-aminobenzoate,Propylene Glycol,Water,0.03206468533,1.0,0.0,0.03206468533,0.0001600538879,300.0
49.0,Ethyl p-hydroxybenzoate,Propylene Glycol,Water,0.0001020548647,0.0,1.0,0.078081666,0.0001020548647,300.0
49.0,Ethyl p-hydroxybenzoate,Propylene Glycol,Water,0.0001462782395,0.1,0.9,0.078081666,0.0001020548647,300.0
49.0,Ethyl p-hydroxybenzoate,Propylene Glycol,Water,0.0002692150649,0.2,0.8,0.078081666,0.0001020548647,300.0
49.0,Ethyl p-hydroxybenzoate,Propylene Glycol,Water,0.000476044129,0.3,0.7,0.078081666,0.0001020548647,300.0
49.0,Ethyl p-hydroxybenzoate,Propylene Glycol,Water,0.0008938254928,0.4,0.6,0.078081666,0.0001020548647,300.0
49.0,Ethyl p-hydroxybenzoate,Propylene Glycol,Water,0.002478752177,0.5,0.5,0.078081666,0.0001020548647,300.0
49.0,Ethyl p-hydroxybenzoate,Propylene Glycol,Water,0.006096746566,0.6,0.4,0.078081666,0.0001020548647,300.0
49.0,Ethyl p-hydroxybenzoate,Propylene Glycol,Water,0.01384266209,0.7,0.3,0.078081666,0.0001020548647,300.0
49.0,Ethyl p-hydroxybenzoate,Propylene Glycol,Water,0.02547646995,0.8,0.2,0.078081666,0.0001020548647,300.0
49.0,Ethyl p-hydroxybenzoate,Propylene Glycol,Water,0.04831563813,0.9,0.1,0.078081666,0.0001020548647,300.0
49.0,Ethyl p-hydroxybenzoate,Propylene Glycol,Water,0.078081666,1.0,0.0,0.078081666,0.0001020548647,300.0
50.0,Ethyl p-aminobenzoate,Propylene Glycol,Water,0.0001072873295,0.0,1.0,0.05669892658,0.0001072873295,300.0
50.0,Ethyl p-aminobenzoate,Propylene Glycol,Water,0.000166585811,0.1,0.9,0.05669892658,0.0001072873295,300.0
50.0,Ethyl p-aminobenzoate,Propylene Glycol,Water,0.0002638842495,0.2,0.8,0.05669892658,0.0001072873295,300.0
50.0,Ethyl p-aminobenzoate,Propylene Glycol,Water,0.000476044129,0.3,0.7,0.05669892658,0.0001072873295,300.0
50.0,Ethyl p-aminobenzoate,Propylene Glycol,Water,0.0009780008684,0.4,0.6,0.05669892658,0.0001072873295,300.0
50.0,Ethyl p-aminobenzoate,Propylene Glycol,Water,0.002357862006,0.5,0.5,0.05669892658,0.0001072873295,300.0
50.0,Ethyl p-aminobenzoate,Propylene Glycol,Water,0.004561973336,0.6,0.4,0.05669892658,0.0001072873295,300.0
50.0,Ethyl p-aminobenzoate,Propylene Glycol,Water,0.009561601931,0.7,0.3,0.05669892658,0.0001072873295,300.0
50.0,Ethyl p-aminobenzoate,Propylene Glycol,Water,0.01813339524,0.8,0.2,0.05669892658,0.0001072873295,300.0
50.0,Ethyl p-aminobenzoate,Propylene Glycol,Water,0.03206468533,0.9,0.1,0.05669892658,0.0001072873295,300.0
50.0,Ethyl p-aminobenzoate,Propylene Glycol,Water,0.05669892658,1.0,0.0,0.05669892658,0.0001072873295,300.0
51.0,Propyl p-hydroxybenzoate,Propylene Glycol,Water,4.361977305e-05,0.0,1.0,0.0862935865,4.361977305e-05,300.0
51.0,Propyl p-hydroxybenzoate,Propylene Glycol,Water,6.772873649e-05,0.1,0.9,0.0862935865,4.361977305e-05,300.0
51.0,Propyl p-hydroxybenzoate,Propylene Glycol,Water,0.0001094546773,0.2,0.8,0.0862935865,4.361977305e-05,300.0
51.0,Propyl p-hydroxybenzoate,Propylene Glycol,Water,0.000203468369,0.3,0.7,0.0862935865,4.361977305e-05,300.0
51.0,Propyl p-hydroxybenzoate,Propylene Glycol,Water,0.0005156924486,0.4,0.6,0.0862935865,4.361977305e-05,300.0
51.0,Propyl p-hydroxybenzoate,Propylene Glycol,Water,0.001612450834,0.5,0.5,0.0862935865,4.361977305e-05,300.0
51.0,Propyl p-hydroxybenzoate,Propylene Glycol,Water,0.003926526838,0.6,0.4,0.0862935865,4.361977305e-05,300.0
51.0,Propyl p-hydroxybenzoate,Propylene Glycol,Water,0.01046205894,0.7,0.3,0.0862935865,4.361977305e-05,300.0
51.0,Propyl p-hydroxybenzoate,Propylene Glycol,Water,0.02447752327,0.8,0.2,0.0862935865,4.361977305e-05,300.0
51.0,Propyl p-hydroxybenzoate,Propylene Glycol,Water,0.05669892658,0.9,0.1,0.0862935865,4.361977305e-05,300.0
51.0,Propyl p-hydroxybenzoate,Propylene Glycol,Water,0.0862935865,1.0,0.0,0.0862935865,4.361977305e-05,300.0
52.0,Propyl p-aminobenzoate,Propylene Glycol,Water,4.772763394e-05,0.0,1.0,0.08374322559,4.772763394e-05,300.0
52.0,Propyl p-aminobenzoate,Propylene Glycol,Water,7.485182989e-05,0.1,0.9,0.08374322559,4.772763394e-05,300.0
52.0,Propyl p-aminobenzoate,Propylene Glycol,Water,0.00012973716,0.2,0.8,0.08374322559,4.772763394e-05,300.0
52.0,Propyl p-aminobenzoate,Propylene Glycol,Water,0.0002510144627,0.3,0.7,0.08374322559,4.772763394e-05,300.0
52.0,Propyl p-aminobenzoate,Propylene Glycol,Water,0.0006173959535,0.4,0.6,0.08374322559,4.772763394e-05,300.0
52.0,Propyl p-aminobenzoate,Propylene Glycol,Water,0.001549225733,0.5,0.5,0.08374322559,4.772763394e-05,300.0
52.0,Propyl p-aminobenzoate,Propylene Glycol,Water,0.003182780797,0.6,0.4,0.08374322559,4.772763394e-05,300.0
52.0,Propyl p-aminobenzoate,Propylene Glycol,Water,0.00848038016,0.7,0.3,0.08374322559,4.772763394e-05,300.0
52.0,Propyl p-aminobenzoate,Propylene Glycol,Water,0.01984109474,0.8,0.2,0.08374322559,4.772763394e-05,300.0
52.0,Propyl p-aminobenzoate,Propylene Glycol,Water,0.03955749879,0.9,0.1,0.08374322559,4.772763394e-05,300.0
52.0,Propyl p-aminobenzoate,Propylene Glycol,Water,0.08374322559,1.0,0.0,0.08374322559,4.772763394e-05,300.0
53.0,n-Butyl p-hydroxybenzoate,Propylene Glycol,Water,2.89482733e-05,0.0,1.0,0.1720448638,2.89482733e-05,300.0
53.0,n-Butyl p-hydroxybenzoate,Propylene Glycol,Water,4.772763394e-05,0.1,0.9,0.1720448638,2.89482733e-05,300.0
53.0,n-Butyl p-hydroxybenzoate,Propylene Glycol,Water,8.027919994e-05,0.2,0.8,0.1720448638,2.89482733e-05,300.0
53.0,n-Butyl p-hydroxybenzoate,Propylene Glycol,Water,0.000166585811,0.3,0.7,0.1720448638,2.89482733e-05,300.0
53.0,n-Butyl p-hydroxybenzoate,Propylene Glycol,Water,0.0004619748988,0.4,0.6,0.1720448638,2.89482733e-05,300.0
53.0,n-Butyl p-hydroxybenzoate,Propylene Glycol,Water,0.001612450834,0.5,0.5,0.1720448638,2.89482733e-05,300.0
53.0,n-Butyl p-hydroxybenzoate,Propylene Glycol,Water,0.005916560474,0.6,0.4,0.1720448638,2.89482733e-05,300.0
53.0,n-Butyl p-hydroxybenzoate,Propylene Glycol,Water,0.02759833042,0.7,0.3,0.1720448638,2.89482733e-05,300.0
53.0,n-Butyl p-hydroxybenzoate,Propylene Glycol,Water,0.08208499862,0.8,0.2,0.1720448638,2.89482733e-05,300.0
53.0,n-Butyl p-hydroxybenzoate,Propylene Glycol,Water,0.1495686192,0.9,0.1,0.1720448638,2.89482733e-05,300.0
53.0,n-Butyl p-hydroxybenzoate,Propylene Glycol,Water,0.1720448638,1.0,0.0,0.1720448638,2.89482733e-05,300.0
54.0,n-Butyl paminobenzoate,Propylene Glycol,Water,1.637098496e-05,0.0,1.0,0.08981529457,1.637098496e-05,300.0
54.0,n-Butyl paminobenzoate,Propylene Glycol,Water,2.89482733e-05,0.1,0.9,0.08981529457,1.637098496e-05,300.0
54.0,n-Butyl paminobenzoate,Propylene Glycol,Water,5.067894599e-05,0.2,0.8,0.08981529457,1.637098496e-05,300.0
54.0,n-Butyl paminobenzoate,Propylene Glycol,Water,0.0001051628981,0.3,0.7,0.08981529457,1.637098496e-05,300.0
54.0,n-Butyl paminobenzoate,Propylene Glycol,Water,0.0002858623948,0.4,0.6,0.08981529457,1.637098496e-05,300.0
54.0,n-Butyl paminobenzoate,Propylene Glycol,Water,0.0008168949921,0.5,0.5,0.08981529457,1.637098496e-05,300.0
54.0,n-Butyl paminobenzoate,Propylene Glycol,Water,0.002242867719,0.6,0.4,0.08981529457,1.637098496e-05,300.0
54.0,n-Butyl paminobenzoate,Propylene Glycol,Water,0.005857689713,0.7,0.3,0.08981529457,1.637098496e-05,300.0
54.0,n-Butyl paminobenzoate,Propylene Glycol,Water,0.01724901912,0.8,0.2,0.08981529457,1.637098496e-05,300.0
54.0,n-Butyl paminobenzoate,Propylene Glycol,Water,0.04880121836,0.9,0.1,0.08981529457,1.637098496e-05,300.0
54.0,n-Butyl paminobenzoate,Propylene Glycol,Water,0.08981529457,1.0,0.0,0.08981529457,1.637098496e-05,300.0
55.0,Paracetamol,Ethanol,Water,0.0019,0.0,1.0,0.0542,0.0019,298.0
55.0,Paracetamol,Ethanol,Water,0.0027,0.1,0.9,0.0542,0.0019,298.0
55.0,Paracetamol,Ethanol,Water,0.0064,0.2,0.8,0.0542,0.0019,298.0
55.0,Paracetamol,Ethanol,Water,0.0109,0.3,0.7,0.0542,0.0019,298.0
55.0,Paracetamol,Ethanol,Water,0.0336,0.5,0.5,0.0542,0.0019,298.0
55.0,Paracetamol,Ethanol,Water,0.0496,0.6,0.4,0.0542,0.0019,298.0
55.0,Paracetamol,Ethanol,Water,0.0554,0.7,0.3,0.0542,0.0019,298.0
55.0,Paracetamol,Ethanol,Water,0.0681,0.75,0.25,0.0542,0.0019,298.0
55.0,Paracetamol,Ethanol,Water,0.0732,0.8,0.2,0.0542,0.0019,298.0
55.0,Paracetamol,Ethanol,Water,0.0799,0.85,0.15,0.0542,0.0019,298.0
55.0,Paracetamol,Ethanol,Water,0.0761,0.9,0.1,0.0542,0.0019,298.0
55.0,Paracetamol,Ethanol,Water,0.0699,0.95,0.05,0.0542,0.0019,298.0
55.0,Paracetamol,Ethanol,Water,0.0542,1.0,0.0,0.0542,0.0019,298.0
56.0,Paracetamol,Ethanol,Ethylacetate,0.0073,0.0,1.0,0.0542,0.0073,298.0
56.0,Paracetamol,Ethanol,Ethylacetate,0.0226,0.1,0.9,0.0542,0.0073,298.0
56.0,Paracetamol,Ethanol,Ethylacetate,0.0386,0.2,0.8,0.0542,0.0073,298.0
56.0,Paracetamol,Ethanol,Ethylacetate,0.0474,0.3,0.7,0.0542,0.0073,298.0
56.0,Paracetamol,Ethanol,Ethylacetate,0.0625,0.4,0.6,0.0542,0.0073,298.0
56.0,Paracetamol,Ethanol,Ethylacetate,0.068,0.5,0.5,0.0542,0.0073,298.0
56.0,Paracetamol,Ethanol,Ethylacetate,0.0863,0.7,0.3,0.0542,0.0073,298.0
56.0,Paracetamol,Ethanol,Ethylacetate,0.0833,0.8,0.2,0.0542,0.0073,298.0
56.0,Paracetamol,Ethanol,Ethylacetate,0.0753,0.85,0.15,0.0542,0.0073,298.0
56.0,Paracetamol,Ethanol,Ethylacetate,0.0757,0.9,0.1,0.0542,0.0073,298.0
56.0,Paracetamol,Ethanol,Ethylacetate,0.0764,0.93,0.07,0.0542,0.0073,298.0
56.0,Paracetamol,Ethanol,Ethylacetate,0.0688,0.95,0.05,0.0542,0.0073,298.0
56.0,Paracetamol,Ethanol,Ethylacetate,0.0542,1.0,0.0,0.0542,0.0073,298.0
57.0,Acetaminophen,Ethanol,Propylene glycol,0.00603,0.0,1.0,0.0062,0.00603,303.0
57.0,Acetaminophen,Ethanol,Propylene glycol,0.00646,0.1,0.9,0.0062,0.00603,303.0
57.0,Acetaminophen,Ethanol,Propylene glycol,0.00664,0.2,0.8,0.0062,0.00603,303.0
57.0,Acetaminophen,Ethanol,Propylene glycol,0.00673,0.3,0.7,0.0062,0.00603,303.0
57.0,Acetaminophen,Ethanol,Propylene glycol,0.00669,0.4,0.6,0.0062,0.00603,303.0
57.0,Acetaminophen,Ethanol,Propylene glycol,0.00676,0.5,0.5,0.0062,0.00603,303.0
57.0,Acetaminophen,Ethanol,Propylene glycol,0.0068,0.6,0.4,0.0062,0.00603,303.0
57.0,Acetaminophen,Ethanol,Propylene glycol,0.00671,0.7,0.3,0.0062,0.00603,303.0
57.0,Acetaminophen,Ethanol,Propylene glycol,0.00659,0.8,0.2,0.0062,0.00603,303.0
57.0,Acetaminophen,Ethanol,Propylene glycol,0.00636,0.9,0.1,0.0062,0.00603,303.0
57.0,Acetaminophen,Ethanol,Propylene glycol,0.0062,1.0,0.0,0.0062,0.00603,303.0
57.0,Acetaminophen,Ethanol,Propylene glycol,0.00483,0.0,1.0,0.005045,0.00483,293.0
57.0,Acetaminophen,Ethanol,Propylene glycol,0.00522,0.1,0.9,0.005045,0.00483,293.0
57.0,Acetaminophen,Ethanol,Propylene glycol,0.00544,0.2,0.8,0.005045,0.00483,293.0
57.0,Acetaminophen,Ethanol,Propylene glycol,0.00559,0.3,0.7,0.005045,0.00483,293.0
57.0,Acetaminophen,Ethanol,Propylene glycol,0.00568,0.4,0.6,0.005045,0.00483,293.0
57.0,Acetaminophen,Ethanol,Propylene glycol,0.00575,0.5,0.5,0.005045,0.00483,293.0
57.0,Acetaminophen,Ethanol,Propylene glycol,0.00569,0.6,0.4,0.005045,0.00483,293.0
57.0,Acetaminophen,Ethanol,Propylene glycol,0.00564,0.7,0.3,0.005045,0.00483,293.0
57.0,Acetaminophen,Ethanol,Propylene glycol,0.00545,0.8,0.2,0.005045,0.00483,293.0
57.0,Acetaminophen,Ethanol,Propylene glycol,0.0052,0.9,0.1,0.005045,0.00483,293.0
57.0,Acetaminophen,Ethanol,Propylene glycol,0.005045,1.0,0.0,0.005045,0.00483,293.0
58.0,Acetaminophen,Propylene glycol,Water,0.00209,0.0,1.0,0.0603,0.00209,303.0
58.0,Acetaminophen,Propylene glycol,Water,0.00276,0.1,0.9,0.0603,0.00209,303.0
58.0,Acetaminophen,Propylene glycol,Water,0.00438,0.2,0.8,0.0603,0.00209,303.0
58.0,Acetaminophen,Propylene glycol,Water,0.00581,0.3,0.7,0.0603,0.00209,303.0
58.0,Acetaminophen,Propylene glycol,Water,0.00924,0.4,0.6,0.0603,0.00209,303.0
58.0,Acetaminophen,Propylene glycol,Water,0.01385,0.5,0.5,0.0603,0.00209,303.0
58.0,Acetaminophen,Propylene glycol,Water,0.0208,0.6,0.4,0.0603,0.00209,303.0
58.0,Acetaminophen,Propylene glycol,Water,0.03,0.7,0.3,0.0603,0.00209,303.0
58.0,Acetaminophen,Propylene glycol,Water,0.0408,0.8,0.2,0.0603,0.00209,303.0
58.0,Acetaminophen,Propylene glycol,Water,0.0516,0.9,0.1,0.0603,0.00209,303.0
58.0,Acetaminophen,Propylene glycol,Water,0.0603,1.0,0.0,0.0603,0.00209,303.0
58.0,Acetaminophen,Propylene glycol,Water,0.00152,0.0,1.0,0.0486,0.00152,293.0
58.0,Acetaminophen,Propylene glycol,Water,0.00188,0.1,0.9,0.0486,0.00152,293.0
58.0,Acetaminophen,Propylene glycol,Water,0.00287,0.2,0.8,0.0486,0.00152,293.0
58.0,Acetaminophen,Propylene glycol,Water,0.00403,0.3,0.7,0.0486,0.00152,293.0
58.0,Acetaminophen,Propylene glycol,Water,0.00676,0.4,0.6,0.0486,0.00152,293.0
58.0,Acetaminophen,Propylene glycol,Water,0.01086,0.5,0.5,0.0486,0.00152,293.0
58.0,Acetaminophen,Propylene glycol,Water,0.0164,0.6,0.4,0.0486,0.00152,293.0
58.0,Acetaminophen,Propylene glycol,Water,0.0243,0.7,0.3,0.0486,0.00152,293.0
58.0,Acetaminophen,Propylene glycol,Water,0.0336,0.8,0.2,0.0486,0.00152,293.0
58.0,Acetaminophen,Propylene glycol,Water,0.0426,0.9,0.1,0.0486,0.00152,293.0
58.0,Acetaminophen,Propylene glycol,Water,0.0486,1.0,0.0,0.0486,0.00152,293.0
59.0,Sulfanilamide,Water,Ethanol,0.000644,0.0,1.0,0.007559,0.000644,298.0
59.0,Sulfanilamide,Water,Ethanol,0.001161,0.1,0.9,0.007559,0.000644,298.0
59.0,Sulfanilamide,Water,Ethanol,0.002011,0.2,0.8,0.007559,0.000644,298.0
59.0,Sulfanilamide,Water,Ethanol,0.003366,0.3,0.7,0.007559,0.000644,298.0
59.0,Sulfanilamide,Water,Ethanol,0.006078,0.4,0.6,0.007559,0.000644,298.0
59.0,Sulfanilamide,Water,Ethanol,0.007742,0.5,0.5,0.007559,0.000644,298.0
59.0,Sulfanilamide,Water,Ethanol,0.009912,0.6,0.4,0.007559,0.000644,298.0
59.0,Sulfanilamide,Water,Ethanol,0.010867,0.65,0.35,0.007559,0.000644,298.0
59.0,Sulfanilamide,Water,Ethanol,0.012638,0.7,0.3,0.007559,0.000644,298.0
59.0,Sulfanilamide,Water,Ethanol,0.012701,0.8,0.2,0.007559,0.000644,298.0
59.0,Sulfanilamide,Water,Ethanol,0.010834,0.9,0.1,0.007559,0.000644,298.0
59.0,Sulfanilamide,Water,Ethanol,0.007559,1.0,0.0,0.007559,0.000644,298.0
60.0,Sulfanilamide,Ethylacetate,Ethanol,0.000644,0.0,1.0,0.009058,0.000644,298.0
60.0,Sulfanilamide,Ethylacetate,Ethanol,0.013366,0.2,0.8,0.009058,0.000644,298.0
60.0,Sulfanilamide,Ethylacetate,Ethanol,0.016992,0.3,0.7,0.009058,0.000644,298.0
60.0,Sulfanilamide,Ethylacetate,Ethanol,0.01994,0.4,0.6,0.009058,0.000644,298.0
60.0,Sulfanilamide,Ethylacetate,Ethanol,0.0225,0.5,0.5,0.009058,0.000644,298.0
60.0,Sulfanilamide,Ethylacetate,Ethanol,0.023659,0.6,0.4,0.009058,0.000644,298.0
60.0,Sulfanilamide,Ethylacetate,Ethanol,0.0222214,0.7,0.3,0.009058,0.000644,298.0
60.0,Sulfanilamide,Ethylacetate,Ethanol,0.0201208,0.8,0.2,0.009058,0.000644,298.0
60.0,Sulfanilamide,Ethylacetate,Ethanol,0.013193,0.9,0.1,0.009058,0.000644,298.0
60.0,Sulfanilamide,Ethylacetate,Ethanol,0.009058,1.0,0.0,0.009058,0.000644,298.0
61.0,Sulfamethazine,Water,Ethanol,3.03e-06,0.0,1.0,0.000749,3.03e-06,298.0
61.0,Sulfamethazine,Water,Ethanol,0.000189,0.3,0.7,0.000749,3.03e-06,298.0
61.0,Sulfamethazine,Water,Ethanol,0.000639,0.5,0.5,0.000749,3.03e-06,298.0
61.0,Sulfamethazine,Water,Ethanol,0.001003762339,0.6,0.4,0.000749,3.03e-06,298.0
61.0,Sulfamethazine,Water,Ethanol,0.001238319575,0.7,0.3,0.000749,3.03e-06,298.0
61.0,Sulfamethazine,Water,Ethanol,0.00137129463,0.75,0.25,0.000749,3.03e-06,298.0
61.0,Sulfamethazine,Water,Ethanol,0.001485505739,0.8,0.2,0.000749,3.03e-06,298.0
61.0,Sulfamethazine,Water,Ethanol,0.001438722086,0.85,0.15,0.000749,3.03e-06,298.0
61.0,Sulfamethazine,Water,Ethanol,0.001376790793,0.95,0.05,0.000749,3.03e-06,298.0
61.0,Sulfamethazine,Water,Ethanol,0.000749,1.0,0.0,0.000749,3.03e-06,298.0
62.0,Sulfamethazine,Ethylacetate,Ethanol,3.03e-06,0.0,1.0,0.001364455269,3.03e-06,298.0
62.0,Sulfamethazine,Ethylacetate,Ethanol,0.001111549824,0.1,0.9,0.001364455269,3.03e-06,298.0
62.0,Sulfamethazine,Ethylacetate,Ethanol,0.001615678963,0.2,0.8,0.001364455269,3.03e-06,298.0
62.0,Sulfamethazine,Ethylacetate,Ethanol,0.002572183834,0.35,0.65,0.001364455269,3.03e-06,298.0
62.0,Sulfamethazine,Ethylacetate,Ethanol,0.00286840257,0.4,0.6,0.001364455269,3.03e-06,298.0
62.0,Sulfamethazine,Ethylacetate,Ethanol,0.003088715408,0.5,0.5,0.001364455269,3.03e-06,298.0
62.0,Sulfamethazine,Ethylacetate,Ethanol,0.003382974253,0.6,0.4,0.001364455269,3.03e-06,298.0
62.0,Sulfamethazine,Ethylacetate,Ethanol,0.003524558848,0.7,0.3,0.001364455269,3.03e-06,298.0
62.0,Sulfamethazine,Ethylacetate,Ethanol,0.003653754536,0.75,0.25,0.001364455269,3.03e-06,298.0
62.0,Sulfamethazine,Ethylacetate,Ethanol,0.003201934886,0.78,0.22,0.001364455269,3.03e-06,298.0
62.0,Sulfamethazine,Ethylacetate,Ethanol,0.003006435864,0.8,0.2,0.001364455269,3.03e-06,298.0
62.0,Sulfamethazine,Ethylacetate,Ethanol,0.002439407737,0.9,0.1,0.001364455269,3.03e-06,298.0
62.0,Sulfamethazine,Ethylacetate,Ethanol,0.001364455269,1.0,0.0,0.001364455269,3.03e-06,298.0
63.0,xinafoate,Dioxane,Water,0.003862,0.0,1.0,0.093621,0.003862,292.0
63.0,xinafoate,Dioxane,Water,0.00664,0.1,0.9,0.093621,0.003862,292.0
63.0,xinafoate,Dioxane,Water,0.011798,0.2,0.8,0.093621,0.003862,292.0
63.0,xinafoate,Dioxane,Water,0.0208,0.3,0.7,0.093621,0.003862,292.0
63.0,xinafoate,Dioxane,Water,0.037216,0.4,0.6,0.093621,0.003862,292.0
63.0,xinafoate,Dioxane,Water,0.065036,0.5,0.5,0.093621,0.003862,292.0
63.0,xinafoate,Dioxane,Water,0.1100962,0.6,0.4,0.093621,0.003862,292.0
63.0,xinafoate,Dioxane,Water,0.182866,0.7,0.3,0.093621,0.003862,292.0
63.0,xinafoate,Dioxane,Water,0.2216623,0.8,0.2,0.093621,0.003862,292.0
63.0,xinafoate,Dioxane,Water,0.230201,0.9,0.1,0.093621,0.003862,292.0
63.0,xinafoate,Dioxane,Water,0.19025,0.95,0.05,0.093621,0.003862,292.0
63.0,xinafoate,Dioxane,Water,0.093621,1.0,0.0,0.093621,0.003862,292.0
